DCOREN93,David,,Corsenwet,David Corsenwet,8-Jul-1993
RMURPH65,Ryan,Patrick,Murphy,Ryan Murphy,9-Nov-1965
CKINNA79,Charles,Joel Nordstr�m,Kinnaman,Joel Kinnaman,25-Nov-1979
RGOLDS71,Ren�e,Elise,Goldsberry,Renee Goldsberry,2-Jan-1971
KLEHMA72,Kristin,,Lehman,Kristin Lehman,3-May-1972
ZEFFRO87,Zachary,David Alexander,Effron,Zach Effron,18-Oct-1987
UDELGA89,�rsula,Corber�,Delgado,�rsula Corber�,11-Aug-1989
MSHANN74,Michael,Corbett,Shannon,Michael Shannon,7-Aug-1974
MRAMAK01,Maitreyi,,Ramakrishnan,Maitreyi Ramakrishnan,28-Dec-2001
ABAPTI97,Alba,,Baptista,Alba Baptista,10-Jul-1997
LREINH96,Lili,,Reinhardt,Lili Reinhardt,13-Sep-1996
JMANLE91,Jake,,Manley,Jake Manley,23-Aug-1991
JGARCI79,Joanna,Garcia,Swisher,Joanna Garcia,10-Aug-1979
RUWOOD80,Rutledge,,Wood,Rudledge Wood,22-Apr-1980
CAPPLE71,Christina,,Applegate,Christina Applegate,25-Nov-1971
DMINNE96,Dylan,Christopher,Minnette,Dylan Minnette,29-Dec-1996
ASORKI61,Aaron,Benjamin,Sorkin,Aaron Sorkin,9-Jun-1961
SBARON71,Sacha,Noam,Baron Cohen,Sacha Baron Cohen,13-Oct-1971
JGORDO81,Joseph,Leonard,Gordon-Levitt,Joseph Gordon-Levitt,17-Feb-1981
MDOUGL51,Michael,John,Douglas,Michael Keaton,5-Sep-1951
HBRADB00,Hary,,Bradbeer,Harry Bradbeer,1-Jan-1900
HCAVIL83,Henry,William,Cavill,Henry Cavill,5-May-1983
MBROWN04,Milly,Bobby,Brown,Milly Bobby Brown,19-Feb-2004
HCARTE66,Helena,Bonham,Carter,Helena Carter,26-May-1966
NBAUMB69,Noah,,Baumbach,Noah Baumbach,3-Sep-1969
SJOHAN84,Scarlett,Ingrid,Johansson,Scarlett Johansson,22-Nov-1984
ADRIVE83,Adam,Douglas,Driver,Adam Driver,19-Nov-1983
RLIOTT54,Raymond,Allen,Liotta,Ray Liotta,18-Dec-1954
JBSAFD84,Joshua and Ben,,Safdie,Safdie Brothers,1-Jan-1900
ASANDL66,Adam,Richard,Sandler,Adam Sandler,9-Sep-1966
LSTANF91,Lakeith,Lee,Stanfield,Keith Stanfield,12-Aug-1991
GVANSA52,Gus,Green,Van Sant,Gus Van Sant,24-Jul-1952
RWILLI51,Robin,McLaurin,Williams,Robin Williams,21-Jul-1951
MDAMON70,Matthew,Paige,Damon,Matt Damon,8-Oct-1970
BAFFLE72,Ben,Géza,Affleck-Boldt,Ben Affleck,15-Aug-1972
JMCTIE51,John,Campbell,McTiernan,John McTiernan,8-Jan-1951
BWILLI55,Walter,Bruce,Willis,Bruce Willis,19-Mar-1955
ARICKM46,Alan,Sidney Patrick,Rickman,Alan Rickman,21-Feb-1946
GBUTLE69,Gerard,James,Butler,Gerard Butler,13-Nov-1969
JJABRA66,Jeffrey,Jacob,Abrams,J.J. Abrams,27-Jun-1966
HAFORD42,Harrison,,Ford,Harrison Ford,13-Jul-1942
DRIDLE92,Daisy,Jazz Isobel,Ridley,Daisy Ridley,10-Apr-1992
RJOHNS73,Rian,Craig,Johnson,Rian Johnson,17-Dec-1973
JBOYEG92,John,Adedayo Bamidele,Adegboyega,John Boyega,17-Mar-1992
AJRUSS70,Anthony & Joseph,,Russo,Russo Brothers,3-Feb-1970