NFLX,HOLLWD20
NFLX,ALTCBN18
NFLX,DTEZEF20
NFLX,MONHEI17
NFLX,WACONF18
NFLX,NHIENF20
NFLX,THTHNF20
NFLX,WARNUN20
NFLX,RVRDAL17
NFLX,THEORD19
NFLX,SWTMAG20
NFLX,UNMYST20
NFLX,TTOGHZ20
NFLX,FLRLAV20
NFLX,OFFICE05
NFLX,DEDTME19
NFLX,THRWHY17
NFLX,SPAFCE20
NFLX,JEFRNF20
NFLX,ALLAMR18
NFLX,LOVBLD20
NFLX,AVATLA05
CBSA,AVATLA05
NFLX,OUTBNK20
NFLX,OZRKNF17
NFLX,TIGKNG20
NFLX,FM1D2S19
HULU,HMDTAL17
HULU,CASRCK18
HULU,CASUAL15
HULU,THEACT19
HULU,PN15HL19
HULU,RAMYNF19
HULU,LTRKNY16
HULU,CTCH2219
HULU,VERMAR19
HULU,LOMTWR18
HULU,DEVSHL20
DISN,SWMAND19
DISN,RIGSTF20
DISN,RUNWYS17
DISN,TWAJGB19
DISN,OUATIM11
DISN,SMPSNS89
HULU,SMPSNS89
DISN,INHMNS17
APPL,FRAMAN19
APPL,DEFJAC20
APPL,MYTQST20
APPL,LITAME20
APPL,SEEAPL19
APPL,MORSHO19
APPL,TEDLAS20
PEAC,30ROCK06
AZPV,30ROCK06
HULU,30ROCK06
PEAC,LSTSPD20
HULU,FNLIGT06
PEAC,FNLIGT06
HULU,CHEERS82
PEAC,CHEERS82
HULU,BRKN9913
PEAC,BRKN9913
PEAC,DWNABY15
AZPV,DWNABY15
PEAC,PRKREC09
AZPV,HOUSE004
PEAC,HOUSE004
AZPV,MONK2002
PEAC,MONK2002
PEAC,APBIO18
HULU,AMNWAR09
PEAC,AMNWAR09
AZPV,THBOYS19
AZPV,TMITHC15
AZPV,EXPANS15
AZPV,BOSCH014
AZPV,SNEPTE15
AZPV,UNDONE19
AZPV,GRNDTR16
CBSA,TWIZON19
CBSA,STDISC17
CBSA,STPICD20
CBSA,TGFIGT17
CBSA,INTRGN20
NFLX,AVATLK12
CBSA,AVATLK12
HBOM,FRENDS94
HBOM,WIRE2002
HBOM,GOT2011
HBOM,SPRANS99
HBOM,EUPHOR19
HBOM,ADVTIM10
HULU,ADVTIM10
HBOM,WSTWLD16
HBOM,WTCHMN19
HBOM,BNDCKS05
HULU,RCKMRT13
HBOM,RCKMRT13
HBOM,STHPRK97
HBOM,BRDEMP10
